--
-- PostgreSQL database dump
--

-- Dumped from database version 12.4
-- Dumped by pg_dump version 12.4

SET statement_timeout = 0;
SET lock_timeout = 0;
SET idle_in_transaction_session_timeout = 0;
SET client_encoding = 'UTF8';
SET standard_conforming_strings = on;
SELECT pg_catalog.set_config('search_path', '', false);
SET check_function_bodies = false;
SET xmloption = content;
SET client_min_messages = warning;
SET row_security = off;

--
-- Data for Name: species; Type: TABLE DATA; Schema: public;
--

INSERT INTO public.species (id, phylum, class, family, common_name, scientific_name, original_name) VALUES (2, 'Porifera', 'Hexactinellida', 'Pheronematidae', 'sponge', NULL, 'Poliopogon amadou');
INSERT INTO public.species (id, phylum, class, family, common_name, scientific_name, original_name) VALUES (3, 'Cnidaria', 'Anthozoa', 'Coralliidae', 'coral', NULL, 'Pleurocorallium johnsoni');
INSERT INTO public.species (id, phylum, class, family, common_name, scientific_name, original_name) VALUES (4, 'Cnidaria', 'Anthozoa', 'Isididae', 'coral', NULL, 'Acanella arbuscula');
INSERT INTO public.species (id, phylum, class, family, common_name, scientific_name, original_name) VALUES (5, 'Cnidaria', 'Hydrozoa', 'Stylasteroidae', 'hydrozoa', NULL, 'Crypthelia pudica');
INSERT INTO public.species (id, phylum, class, family, common_name, scientific_name, original_name) VALUES (6, 'Cnidaria', 'Anthozoa', 'Caryophilliidae', 'sea slug', NULL, 'Carophyllia berteriana');
INSERT INTO public.species (id, phylum, class, family, common_name, scientific_name, original_name) VALUES (7, 'Echinoderm', 'Asteroidea', 'Goniasteridae', 'starfish', 'Nymphaster arenatus', 'Nymphaster protentus');
INSERT INTO public.species (id, phylum, class, family, common_name, scientific_name, original_name) VALUES (8, 'Echinoderm', 'Ophiuroidea', 'Ophiotomidae', 'starfish?', 'Ophioplinthaca chelys', 'Ophiomitra chelys');
INSERT INTO public.species (id, phylum, class, family, common_name, scientific_name, original_name) VALUES (9, 'Annelida', 'Polychaeta', 'Amphinomidae', 'bristle worm', 'Chloenopsis atlantica', 'Chloenea atlantica');
INSERT INTO public.species (id, phylum, class, family, common_name, scientific_name, original_name) VALUES (10, 'Annelida', 'Polychaeta', 'Alciopidae', 'worm', 'Alciopa reynaudii', 'Halodora reynaudii');
INSERT INTO public.species (id, phylum, class, family, common_name, scientific_name, original_name) VALUES (11, 'Arthropoda', 'Malocostraca', 'Phronimidae', 'crustacean', NULL, 'Phronimella elongata');
INSERT INTO public.species (id, phylum, class, family, common_name, scientific_name, original_name) VALUES (13, 'Arthropoda', 'Ostracoda', 'Cytheridae', ' crustacean', 'Ayressoleberis dasyderma', 'Cythere dasyderma');
INSERT INTO public.species (id, phylum, class, family, common_name, scientific_name, original_name) VALUES (21, 'Bryozoa', 'Gymnolaemata', 'Farciminariidae', '?', 'Columnella delicatissima', 'Farciminaria delicatissima');
INSERT INTO public.species (id, phylum, class, family, common_name, scientific_name, original_name) VALUES (22, 'Bryozoa', 'Gymnolaemata', 'Bifaxariidae', ' ?', 'Pseudosclerodomus reticulata   ', 'Bifaxaria reticulata');
INSERT INTO public.species (id, phylum, class, family, common_name, scientific_name, original_name) VALUES (23, 'Bryozoa', 'Gymnolaemata', 'Cellariidae', '?', 'Formosocellaria magnifica  ', 'Salicornaria magnifica');
INSERT INTO public.species (id, phylum, class, family, common_name, scientific_name, original_name) VALUES (24, 'Bryozoa', 'Gymnolaemata', 'Tessaradomidae', '?', NULL, 'Tessaradoma boreale');
INSERT INTO public.species (id, phylum, class, family, common_name, scientific_name, original_name) VALUES (27, 'Mollusc', 'Bivalvia', 'Arcidae', 'ark clam', 'Bentharza asperula', 'Arca pteroessa');
INSERT INTO public.species (id, phylum, class, family, common_name, scientific_name, original_name) VALUES (31, 'Annelida', 'Polychaete', 'Oweniidae', 'worm', NULL, 'Myriochele heeri');
INSERT INTO public.species (id, phylum, class, family, common_name, scientific_name, original_name) VALUES (34, 'Porifera', 'Demospongiae', 'Tetillidae', 'sponge', NULL, 'Craniella schmidtii');
INSERT INTO public.species (id, phylum, class, family, common_name, scientific_name, original_name) VALUES (35, 'Porifera', 'Hexactinellida', 'Hyalonematidae', '?', NULL, 'Hyalonema toxeres');
INSERT INTO public.species (id, phylum, class, family, common_name, scientific_name, original_name) VALUES (36, 'Cnidaria', 'Anthozoa', 'Caryophylliidae', 'coral', NULL, 'Caryophyllia paucipalata');
INSERT INTO public.species (id, phylum, class, family, common_name, scientific_name, original_name) VALUES (37, 'Cnidaria', 'Anthozoa', 'Deltocyathidae', 'coral', NULL, 'Deltocyathus italicus');
INSERT INTO public.species (id, phylum, class, family, common_name, scientific_name, original_name) VALUES (38, 'Cnidaria', 'Anthozoa', 'Fungiacyathidae', 'coral', 'Fungiacyathus symmetricus', 'Bathyactis symmetrica');
INSERT INTO public.species (id, phylum, class, family, common_name, scientific_name, original_name) VALUES (39, 'Echinoderm', 'Crinoidea', 'Bourgueticrinidae', NULL, 'Conocrinus lofotensis', 'Rhizocrinus lofotensis');
INSERT INTO public.species (id, phylum, class, family, common_name, scientific_name, original_name) VALUES (40, 'Cnidaria', 'Hydrozoa', 'Zygophylacidae', NULL, 'Acryptolaria flabellum', 'Cryptolaria flabellum');
INSERT INTO public.species (id, phylum, class, family, common_name, scientific_name, original_name) VALUES (41, 'Echinoderm', 'Asteroidea', 'Brisingidae', 'starfish', NULL, 'Brisinga cricophora');
INSERT INTO public.species (id, phylum, class, family, common_name, scientific_name, original_name) VALUES (42, 'Echinoderm', 'Ophiuroidea', 'Ophiolepididae', 'brittle star', 'Ophiozonella nivea', 'Ophiozona nivea');
INSERT INTO public.species (id, phylum, class, family, common_name, scientific_name, original_name) VALUES (43, 'Echinoderm', 'Ophiuroidea', 'Ophiuridae', 'brittle star', 'Ophiura falcifera', 'Ophioglypha falcifera');
INSERT INTO public.species (id, phylum, class, family, common_name, scientific_name, original_name) VALUES (44, 'Echinoderm', 'Ophiuroidea', 'Ophiuridae', 'brittle star', 'Amphiophiura sculptilis', 'Ophioglypha variabilis');
INSERT INTO public.species (id, phylum, class, family, common_name, scientific_name, original_name) VALUES (45, 'Echinoderm', 'Ophiuroidea', 'Ophiotomidae', NULL, 'Ophioplintheca dipsacos', 'Ophiomitra dipsacos');
INSERT INTO public.species (id, phylum, class, family, common_name, scientific_name, original_name) VALUES (46, 'Echinoderm', 'Ophiuroidea', 'Ophioscolecidae', NULL, NULL, 'Ophioscolex tropicus');
INSERT INTO public.species (id, phylum, class, family, common_name, scientific_name, original_name) VALUES (47, 'Echinoderm', 'Echinoidea', 'Cidaridae', 'sea urchin', 'Cidaris cidaris', 'Dorocidaris papillata');
INSERT INTO public.species (id, phylum, class, family, common_name, scientific_name, original_name) VALUES (48, 'Echinoderm', 'Echinoidea', 'Arbaciidae', 'sea urchin', NULL, 'Podocidaris sculpta');
INSERT INTO public.species (id, phylum, class, family, common_name, scientific_name, original_name) VALUES (49, 'Arthropoda', 'Ostracoda', 'Macrocyprididae', 'sea urchin', 'Macropyxis tenuicauda', 'Macrocypris tenuicauda');
INSERT INTO public.species (id, phylum, class, family, common_name, scientific_name, original_name) VALUES (50, 'Arthropoda', 'Ostracoda', 'Macrocyprididae', 'sea urchin', NULL, 'Macrocypris decora');
INSERT INTO public.species (id, phylum, class, family, common_name, scientific_name, original_name) VALUES (51, 'Arthropoda', 'Ostracoda', 'Bairdiidae', NULL, 'Bairdoppilata victrix', 'Bairdia victrix');
INSERT INTO public.species (id, phylum, class, family, common_name, scientific_name, original_name) VALUES (52, 'Arthropoda', 'Ostracoda', 'Cytheridae', NULL, 'Bradleya dictyon', 'Cythere dictyon');
INSERT INTO public.species (id, phylum, class, family, common_name, scientific_name, original_name) VALUES (53, 'Mollusca', 'Bivalvia', 'Cuspidariidae', 'mollusc', 'Cuspidaria circinata', 'Neaera consociata');
INSERT INTO public.species (id, phylum, class, family, common_name, scientific_name, original_name) VALUES (54, 'Mollusca', 'Bivalvia', 'Verticordiidae', 'clam', NULL, 'Verticordia woodii');
INSERT INTO public.species (id, phylum, class, family, common_name, scientific_name, original_name) VALUES (55, 'Mollusca', 'Bivalvia', 'Nuculidae', 'clam', NULL, 'Nucula culebrensis');
INSERT INTO public.species (id, phylum, class, family, common_name, scientific_name, original_name) VALUES (56, 'Mollusca', 'Bivalvia', 'Nuculanidae', 'clam', 'Neilonella decipiens', 'Leda decipiens');
INSERT INTO public.species (id, phylum, class, family, common_name, scientific_name, original_name) VALUES (57, 'Mollusca', 'Bivalvia', 'Nuculanidae', 'clam', 'Nuculana solida', 'Leda inaudax');
INSERT INTO public.species (id, phylum, class, family, common_name, scientific_name, original_name) VALUES (58, 'Mollusca', 'Bivalvia', 'Nuculanidae', 'clam', 'Ledella hebes', 'Leda hebes');
INSERT INTO public.species (id, phylum, class, family, common_name, scientific_name, original_name) VALUES (59, 'Mollusca', 'Bivalvia', 'Nuculanidae', 'clam', 'Ledella despecta', 'Leda despecta');
INSERT INTO public.species (id, phylum, class, family, common_name, scientific_name, original_name) VALUES (60, 'Mollusca', 'Bivalvia', 'Malletiidae', NULL, 'Tindaria cytherea', 'Malletia veneriformis');
INSERT INTO public.species (id, phylum, class, family, common_name, scientific_name, original_name) VALUES (61, 'Mollusca', 'Bivalvia', 'Malletiidae', NULL, 'Tindaria smithii', 'Malletia cuneata');
INSERT INTO public.species (id, phylum, class, family, common_name, scientific_name, original_name) VALUES (62, 'Mollusca', 'Bivalvia', 'Sareptidae', NULL, 'Pristigloma nitens', 'Glomus jeffreysi');
INSERT INTO public.species (id, phylum, class, family, common_name, scientific_name, original_name) VALUES (63, 'Mollusca', 'Bivalvia', 'Sareptidae', NULL, 'Setigloma simplex', 'Glomus simplex');
INSERT INTO public.species (id, phylum, class, family, common_name, scientific_name, original_name) VALUES (64, 'Mollusca', 'Bivalvia', 'Sareptidae', NULL, 'Pseudoglomus inaequilateralis', 'Glomus inaequilateralis');
INSERT INTO public.species (id, phylum, class, family, common_name, scientific_name, original_name) VALUES (65, 'Mollusca', 'Bivalvia', 'Arcidae', 'ark clam', 'Bentharca asperula', 'Arca culebrensis');
INSERT INTO public.species (id, phylum, class, family, common_name, scientific_name, original_name) VALUES (66, 'Mollusca', 'Bivalvia', 'Mytilidae', 'mussel', NULL, 'Idas dalli');
INSERT INTO public.species (id, phylum, class, family, common_name, scientific_name, original_name) VALUES (67, 'Mollusca', 'Bivalvia', 'Mytilidae', 'mussel', NULL, 'Dacrydium occidentale');
INSERT INTO public.species (id, phylum, class, family, common_name, scientific_name, original_name) VALUES (68, 'Mollusca', 'Bivalvia', 'Pectinidae', 'scallop', 'Cyclopecten culebrensis', 'Pecten culebrensis');
INSERT INTO public.species (id, phylum, class, family, common_name, scientific_name, original_name) VALUES (69, 'Mollusca', 'Bivalvia', 'Pectinidae', 'scallop', 'Parvamussium cancellatum', 'Amussium cancellatum');
INSERT INTO public.species (id, phylum, class, family, common_name, scientific_name, original_name) VALUES (70, 'Mollusca', 'Scaphopoda', 'Dentaliidae', 'tusk shell', 'Episiphon didymum', 'Dentalium didymum');
INSERT INTO public.species (id, phylum, class, family, common_name, scientific_name, original_name) VALUES (71, 'Mollusca', 'Scaphopoda', 'Gadilidae', 'tusk shell', NULL, 'Siphonodentalium tytthum');
INSERT INTO public.species (id, phylum, class, family, common_name, scientific_name, original_name) VALUES (72, 'Mollusca', 'Scaphopoda', 'Gadilidae', 'tusk shell', NULL, 'Cadulus curtus');
INSERT INTO public.species (id, phylum, class, family, common_name, scientific_name, original_name) VALUES (73, 'Mollusca', 'Scaphopoda', 'Gadilidae', 'tusk shell', NULL, 'Cadulus congruens');
INSERT INTO public.species (id, phylum, class, family, common_name, scientific_name, original_name) VALUES (74, 'Mollusca', 'Scaphopoda', 'Gadilidae', 'tusk shell', NULL, 'Cadulus obesus');
INSERT INTO public.species (id, phylum, class, family, common_name, scientific_name, original_name) VALUES (75, 'Mollusca', 'Scaphopoda', 'Gadilidae', 'tusk shell', NULL, 'Cadulus exiguus');
INSERT INTO public.species (id, phylum, class, family, common_name, scientific_name, original_name) VALUES (76, 'Mollusca', 'Scaphopoda', 'Gadilidae', 'tusk shell', NULL, 'Cadulus ampullaceus');
INSERT INTO public.species (id, phylum, class, family, common_name, scientific_name, original_name) VALUES (77, 'Mollusca', 'Gastropoda', 'Lepetidae', 'sea snail', NULL, 'Lepeta caeca');
INSERT INTO public.species (id, phylum, class, family, common_name, scientific_name, original_name) VALUES (78, 'Mollusca', 'Gastropoda', 'Fissurellidae', 'limpet', NULL, 'Zeidora naufraga');
INSERT INTO public.species (id, phylum, class, family, common_name, scientific_name, original_name) VALUES (79, 'Mollusca', 'Gastropoda', 'Fissurellidae', 'limpet', 'Puncturella plecta', 'Puncturella clathrata');
INSERT INTO public.species (id, phylum, class, family, common_name, scientific_name, original_name) VALUES (80, 'Mollusca', 'Gastropoda', 'Fissurellidae', 'limpet', NULL, 'Puncturella agger');
INSERT INTO public.species (id, phylum, class, family, common_name, scientific_name, original_name) VALUES (81, 'Mollusca', 'Gastropoda', 'Fissurellidae', 'limpet', 'Fissurisepta oxia', 'Puncturella oxia');
INSERT INTO public.species (id, phylum, class, family, common_name, scientific_name, original_name) VALUES (82, 'Mollusca', 'Gastropoda', 'Fissurellidae', 'limpet', 'Profundisepta sportella', 'Puncturella sportella');
INSERT INTO public.species (id, phylum, class, family, common_name, scientific_name, original_name) VALUES (83, 'Mollusca', 'Gastropoda', 'Fissurellidae', 'limpet', 'Cranopsis asturiana', 'Puncturella asturiana');
INSERT INTO public.species (id, phylum, class, family, common_name, scientific_name, original_name) VALUES (84, 'Mollusca', 'Gastropoda', 'Fissurellidae', 'limpet', 'Cranopsis granulata', 'Puncturella granulata');
INSERT INTO public.species (id, phylum, class, family, common_name, scientific_name, original_name) VALUES (85, 'Mollusca', 'Gastropoda', 'Fissurellidae', 'limpet', 'Profundisepta profundi', 'Puncturella profundi');
INSERT INTO public.species (id, phylum, class, family, common_name, scientific_name, original_name) VALUES (86, 'Mollusca', 'Gastropoda', 'Trochidae', 'top shells', 'Calliotropis tiara', 'Trochus tiara');
INSERT INTO public.species (id, phylum, class, family, common_name, scientific_name, original_name) VALUES (87, 'Mollusca', 'Gastropoda', 'Trochidae', 'top shells', 'Bathymophila euspira', 'Trochus euspira');
INSERT INTO public.species (id, phylum, class, family, common_name, scientific_name, original_name) VALUES (88, 'Mollusca', 'Gastropoda', 'Trochidae', 'top shells', 'Calliotropis aeglees', 'Trochus aeglees');
INSERT INTO public.species (id, phylum, class, family, common_name, scientific_name, original_name) VALUES (89, 'Mollusca', 'Gastropoda', 'Trochidae', 'top shells', 'Echinogurges clavatus', 'Trochus clavatus');
INSERT INTO public.species (id, phylum, class, family, common_name, scientific_name, original_name) VALUES (90, 'Mollusca', 'Gastropoda', 'Trochidae', 'top shells', 'Vetulonia paucivaricosa', 'Trochus cancellatus');
INSERT INTO public.species (id, phylum, class, family, common_name, scientific_name, original_name) VALUES (91, 'Mollusca', 'Gastropoda', 'Seguenziidae', 'sea snails', 'Hadroconus altus', 'Basilissa alta');
INSERT INTO public.species (id, phylum, class, family, common_name, scientific_name, original_name) VALUES (92, 'Mollusca', 'Gastropoda', 'Seguenziidae', 'sea snail', 'Ancistrobasis reticulata', 'Basilissa costulata');
INSERT INTO public.species (id, phylum, class, family, common_name, scientific_name, original_name) VALUES (93, 'Mollusca', 'Gastropoda', 'Seguenziidae', 'sea snail', NULL, 'Seguenzia lineata');
INSERT INTO public.species (id, phylum, class, family, common_name, scientific_name, original_name) VALUES (94, 'Mollusca', 'Gastropoda', 'Seguenziidae', 'sea snail', 'Quinnia ionica', 'Seguenzia ionica');
INSERT INTO public.species (id, phylum, class, family, common_name, scientific_name, original_name) VALUES (95, 'Mollusca', 'Gastropoda', 'Trochidae', 'sea snail', 'Synaptocochlea caliginosa', 'Stomatella caliginosa');
INSERT INTO public.species (id, phylum, class, family, common_name, scientific_name, original_name) VALUES (96, 'Mollusca', 'Gastropoda', 'Scissurellidae', 'slit snail', 'Anatoma crispata', 'Scissurella crispatus');
INSERT INTO public.species (id, phylum, class, family, common_name, scientific_name, original_name) VALUES (97, 'Mollusca', 'Gastropoda', 'Scissurellidae', 'slit snail', 'Anatoma alta', 'Scissurella alta');
INSERT INTO public.species (id, phylum, class, family, common_name, scientific_name, original_name) VALUES (98, 'Mollusca', 'Gastropoda', 'Scissurellidae', 'slit snail', 'Satondella tabulata', 'Schismope tabulata');
INSERT INTO public.species (id, phylum, class, family, common_name, scientific_name, original_name) VALUES (99, 'Mollusca', 'Gastropoda', 'Scissurellidae', 'slit snail', 'Macromphalina lacuniformis', 'Schismope lacuniformis');
INSERT INTO public.species (id, phylum, class, family, common_name, scientific_name, original_name) VALUES (100, 'Mollusca', 'Gastropoda', 'Omalogyridae', 'sea snail', 'Adeuomphalus densicostatus', 'Homalogyra densicostata');
INSERT INTO public.species (id, phylum, class, family, common_name, scientific_name, original_name) VALUES (101, 'Mollusca', 'Gastropoda', 'Liotiidae', 'sea snail', NULL, 'Cyclostrema excavata');
INSERT INTO public.species (id, phylum, class, family, common_name, scientific_name, original_name) VALUES (102, 'Mollusca', 'Gastropoda', 'Turbinidae', 'turban snail', 'Homalopoma indutum', 'Turbo indutus');
INSERT INTO public.species (id, phylum, class, family, common_name, scientific_name, original_name) VALUES (103, 'Mollusca', 'Gastropoda', 'Neritidae', 'sea snail', NULL, 'Nerita tessellata');
INSERT INTO public.species (id, phylum, class, family, common_name, scientific_name, original_name) VALUES (104, 'Mollusca', 'Gastropoda', 'Epitoniidae', 'wentletrap', 'Cylindriscala tortilis', 'Scalaria tortilis');
INSERT INTO public.species (id, phylum, class, family, common_name, scientific_name, original_name) VALUES (105, 'Mollusca', 'Gastropoda', 'Epitoniidae', 'wentletrap', 'Cylindriscala acus', 'Scalaria acus');
INSERT INTO public.species (id, phylum, class, family, common_name, scientific_name, original_name) VALUES (106, 'Mollusca', 'Gastropoda', 'Epitoniidae', 'wentletrap', 'Ecclisegyra pyrrhias', 'Scalaria pyrrhias');
INSERT INTO public.species (id, phylum, class, family, common_name, scientific_name, original_name) VALUES (107, 'Mollusca', 'Gastropoda', 'Olividae', 'olive snail', NULL, 'Olivella vitilia');
INSERT INTO public.species (id, phylum, class, family, common_name, scientific_name, original_name) VALUES (108, 'Mollusca', 'Gastropoda', 'Columbellidae', 'dove snail', 'Anachis stricta', 'Columbella stricta');
INSERT INTO public.species (id, phylum, class, family, common_name, scientific_name, original_name) VALUES (109, 'Mollusca', 'Gastropoda', 'Turridae', 'sea snail', 'Typhlomangelia lincta', 'Pleurotoma lincta');
INSERT INTO public.species (id, phylum, class, family, common_name, scientific_name, original_name) VALUES (110, 'Mollusca', 'Gastropoda', 'Turridae', 'sea snail', 'Kurtziella serga', 'Pleurtoma corallina');
INSERT INTO public.species (id, phylum, class, family, common_name, scientific_name, original_name) VALUES (111, 'Mollusca', 'Gastropoda', 'Turridae', 'sea snail', 'Drilliola loprestiana', 'Pleurotoma tiara');
INSERT INTO public.species (id, phylum, class, family, common_name, scientific_name, original_name) VALUES (112, 'Mollusca', 'Gastropoda', 'Borsoniidae', 'sea snail', NULL, 'Borsonia ceroplasta');
INSERT INTO public.species (id, phylum, class, family, common_name, scientific_name, original_name) VALUES (113, 'Mollusca', 'Gastropoda', 'Clavatulidae', 'sea snail', NULL, 'Clionella aglaophanes');
INSERT INTO public.species (id, phylum, class, family, common_name, scientific_name, original_name) VALUES (114, 'Mollusca', 'Gastropoda', 'Pyramidellidae', 'sea snail', 'Brachystomia scalaris', 'Odostomia nitida');
INSERT INTO public.species (id, phylum, class, family, common_name, scientific_name, original_name) VALUES (115, 'Mollusca', 'Gastropoda', 'Pyramidellidae', 'sea snail', 'Pyrgiscus rufus', 'Turbonilla densecostata');
INSERT INTO public.species (id, phylum, class, family, common_name, scientific_name, original_name) VALUES (116, 'Mollusca', 'Gastropoda', 'Pyramidellidae', 'sea snail', NULL, 'Turbonilla paucistrata');
INSERT INTO public.species (id, phylum, class, family, common_name, scientific_name, original_name) VALUES (117, 'Mollusca', 'Gastropoda', 'Pyramidellidae', 'sea snail', NULL, 'Turbonilla rhabdota');
INSERT INTO public.species (id, phylum, class, family, common_name, scientific_name, original_name) VALUES (118, 'Mollusca', 'Gastropoda', 'Pyramidellidae', 'sea snail', NULL, 'Turbonilla kymatoessa');
INSERT INTO public.species (id, phylum, class, family, common_name, scientific_name, original_name) VALUES (119, 'Mollusca', 'Gastropoda', 'Eulimidae', 'sea snail', 'Eulima fuscozonata', 'Eulima pyriformis');
INSERT INTO public.species (id, phylum, class, family, common_name, scientific_name, original_name) VALUES (120, 'Mollusca', 'Gastropoda', 'Eulimidae', 'sea snail', NULL, 'Eulima psila');
INSERT INTO public.species (id, phylum, class, family, common_name, scientific_name, original_name) VALUES (121, 'Mollusca', 'Gastropoda', 'Eulimidae', 'sea snail', 'Cuspeulima fasciata', 'Eulima fasciata');
INSERT INTO public.species (id, phylum, class, family, common_name, scientific_name, original_name) VALUES (122, 'Mollusca', 'Gastropoda', 'Eulimidae', 'sea snail', 'Eulimacrostoma chaskanon', 'Eulima chaskanon');
INSERT INTO public.species (id, phylum, class, family, common_name, scientific_name, original_name) VALUES (123, 'Mollusca', 'Gastropoda', 'Eulimidae', 'sea snail', NULL, 'Eulima hians');
INSERT INTO public.species (id, phylum, class, family, common_name, scientific_name, original_name) VALUES (124, 'Mollusca', 'Gastropoda', 'Eulimidae', 'sea snail', NULL, 'Eulima cylindrata');
INSERT INTO public.species (id, phylum, class, family, common_name, scientific_name, original_name) VALUES (125, 'Mollusca', 'Gastropoda', 'Eulimidae', 'sea snail', NULL, 'Eulima gomphus');
INSERT INTO public.species (id, phylum, class, family, common_name, scientific_name, original_name) VALUES (126, 'Mollusca', 'Gastropoda', 'Eulimidae', 'sea snail', NULL, 'Eulima hyalina');
INSERT INTO public.species (id, phylum, class, family, common_name, scientific_name, original_name) VALUES (127, 'Mollusca', 'Gastropoda', 'Cerithiopsidae', 'sea snail', 'Cerithiopsis jeffreysi', 'Ceripthiosis pulchella');
INSERT INTO public.species (id, phylum, class, family, common_name, scientific_name, original_name) VALUES (128, 'Mollusca', 'Gastropoda', 'Litiopidae', 'sea snail', NULL, 'Litiopa melanostoma');
INSERT INTO public.species (id, phylum, class, family, common_name, scientific_name, original_name) VALUES (129, 'Mollusca', 'Gastropoda', 'Epitoniidae', 'sea snail', 'Sansonia tuberculata', 'Iphitus tuberculatus');
INSERT INTO public.species (id, phylum, class, family, common_name, scientific_name, original_name) VALUES (130, 'Mollusca', 'Gastropoda', 'Rissoidae', 'sea snail', 'Benthonellania xanthias', 'Rissoa xanthias');
INSERT INTO public.species (id, phylum, class, family, common_name, scientific_name, original_name) VALUES (131, 'Mollusca', 'Gastropoda', 'Rissoidae', 'sea snail', NULL, 'Rissoa microstoma');
INSERT INTO public.species (id, phylum, class, family, common_name, scientific_name, original_name) VALUES (132, 'Mollusca', 'Gastropoda', 'Rissoidae', 'sea snail', 'Simulamerelina didyma', 'Rissoa didyma');
INSERT INTO public.species (id, phylum, class, family, common_name, scientific_name, original_name) VALUES (133, 'Mollusca', 'Gastropoda', 'Rissoidae', 'sea snail', 'Onoba brachia', 'Rissoa brachia');
INSERT INTO public.species (id, phylum, class, family, common_name, scientific_name, original_name) VALUES (134, 'Mollusca', 'Gastropoda', 'Rissoidae', 'sea snail', 'Cingula alvearium', 'Rissoa alvearium');
INSERT INTO public.species (id, phylum, class, family, common_name, scientific_name, original_name) VALUES (135, 'Mollusca', 'Gastropoda', 'Rissoidae', 'sea snail', 'Talassia tenuisculpta', 'Rissoa tenuisculpta');
INSERT INTO public.species (id, phylum, class, family, common_name, scientific_name, original_name) VALUES (136, 'Mollusca', 'Gastropoda', 'Rissoidae', 'sea snail', 'Schwartziella chesnelii', 'Rissoa chesnelii');
INSERT INTO public.species (id, phylum, class, family, common_name, scientific_name, original_name) VALUES (137, 'Mollusca', 'Gastropoda', 'Scaliolidae', 'sea snail', 'Papuliscala elongata', 'Fenella elongata');
INSERT INTO public.species (id, phylum, class, family, common_name, scientific_name, original_name) VALUES (138, 'Mollusca', 'Gastropoda', 'Ringiculidae', 'sea snail', NULL, 'Ringicula peracuta');
INSERT INTO public.species (id, phylum, class, family, common_name, scientific_name, original_name) VALUES (139, 'Mollusca', 'Gastropoda', 'Scaphandridae', 'sea snail', NULL, 'Scaphander punctostriatus');
INSERT INTO public.species (id, phylum, class, family, common_name, scientific_name, original_name) VALUES (140, 'Mollusca', 'Gastropoda', 'Retusidae', 'sea snail', 'Retusa spatha', 'Utriculus spatha');
INSERT INTO public.species (id, phylum, class, family, common_name, scientific_name, original_name) VALUES (141, 'Mollusca', 'Gastropoda', 'Cylichnidae', 'bubble snail', 'Pyrunculus ovatus', 'Cylichna ovata');
INSERT INTO public.species (id, phylum, class, family, common_name, scientific_name, original_name) VALUES (142, 'Mollusca', 'Gastropoda', 'Cylichnidae', 'bubble snail', NULL, 'Cylichna discus');
INSERT INTO public.species (id, phylum, class, family, common_name, scientific_name, original_name) VALUES (143, 'Mollusca', 'Gastropoda', 'Cylichnidae', 'bubble snail', NULL, 'Cylichna paupercula');
INSERT INTO public.species (id, phylum, class, family, common_name, scientific_name, original_name) VALUES (144, 'Annelida', 'Polychaeta', 'Glyceridae', 'worm', NULL, 'Glycera capitata');
INSERT INTO public.species (id, phylum, class, family, common_name, scientific_name, original_name) VALUES (145, 'Mollusca', 'Lamellib/Bivalvia', 'Limopsidae', 'mollusc', NULL, 'Limopsis minuta');
INSERT INTO public.species (id, phylum, class, family, common_name, scientific_name, original_name) VALUES (146, 'Mollusca', 'Scaphopoda', 'Dentaliidae', 'tusk shell', 'Fissidentalium capilosum', 'Dentalium capillosum');
INSERT INTO public.species (id, phylum, class, family, common_name, scientific_name, original_name) VALUES (147, 'Echinoderm', 'Crinoidea', 'Antendonidae', 'feather star', 'Hathrometra tenella', 'Antedon sarsii');
INSERT INTO public.species (id, phylum, class, family, common_name, scientific_name, original_name) VALUES (148, 'Echinoderm', 'Echinoidea', 'Brissidae', 'sea urchin?', NULL, 'Brissopsis lyrifera');
INSERT INTO public.species (id, phylum, class, family, common_name, scientific_name, original_name) VALUES (149, 'Chordata', 'Actinopterygii', 'Macrouridae', 'grenadier', 'Nezumia aequalis', 'Macrurus aequalis');
INSERT INTO public.species (id, phylum, class, family, common_name, scientific_name, original_name) VALUES (150, 'Echinoderm', 'Asteroidea', 'Goniasteridae', 'starfish', NULL, 'Iconaster longimanus');
INSERT INTO public.species (id, phylum, class, family, common_name, scientific_name, original_name) VALUES (151, 'Chordata', 'Actinopterygii', 'Moridae', 'fish', NULL, 'Mora mediterranea');
INSERT INTO public.species (id, phylum, class, family, common_name, scientific_name, original_name) VALUES (152, 'Echinoderm', 'Ophiuroidea', 'Ophiosphalmidae', 'starfish', 'Ophiomusa lymani', 'Ophiomusium lymani');
INSERT INTO public.species (id, phylum, class, family, common_name, scientific_name, original_name) VALUES (153, 'Echinoderm', 'Echinoidea', 'Phormosomatidae', 'sea urchin', 'Tromikosoma uranus', 'Phormosoma uranus');
INSERT INTO public.species (id, phylum, class, family, common_name, scientific_name, original_name) VALUES (154, 'Bryozoa', 'Gymnolaemata', 'Bugulidae', NULL, NULL, 'Kinetoskias cyathus');
INSERT INTO public.species (id, phylum, class, family, common_name, scientific_name, original_name) VALUES (155, 'Cnidaria', 'Anthozoa', 'Umbellulidae', 'sea pen', NULL, 'Umbellula thomsoni');
INSERT INTO public.species (id, phylum, class, family, common_name, scientific_name, original_name) VALUES (156, 'Arthropoda', 'Malocostraca', 'Paguridae', 'hermit crab', NULL, 'Anapagurus pusillus');
INSERT INTO public.species (id, phylum, class, family, common_name, scientific_name, original_name) VALUES (157, 'Arthropoda', 'Malocostraca', 'Galatheidae', 'lobster', NULL, 'Galathea dispersa');
INSERT INTO public.species (id, phylum, class, family, common_name, scientific_name, original_name) VALUES (158, 'Mollusca', 'Bivalvia', 'Gastrochaenidae', 'clam', 'Rocellaria dubia', 'Gastrochaena dubia');
INSERT INTO public.species (id, phylum, class, family, common_name, scientific_name, original_name) VALUES (159, 'Mollusca', 'Bivalvia', 'Semelidae', 'clam', NULL, 'Ervilia castanea');
INSERT INTO public.species (id, phylum, class, family, common_name, scientific_name, original_name) VALUES (160, 'Mollusca', 'Bivalvia', 'Psammobiidae', 'clam', 'Gari costulata', 'Psammobia costulata');
INSERT INTO public.species (id, phylum, class, family, common_name, scientific_name, original_name) VALUES (161, 'Mollusca', 'Bivalvia', 'Veneridae', 'clam', NULL, 'Venerupis irus');
INSERT INTO public.species (id, phylum, class, family, common_name, scientific_name, original_name) VALUES (162, 'Mollusca', 'Bivalvia', 'Veneridae', 'clam', NULL, 'Venus casina');
INSERT INTO public.species (id, phylum, class, family, common_name, scientific_name, original_name) VALUES (163, 'Mollusca', 'Bivalvia', 'Veneridae', 'clam', NULL, 'Callista chione');
INSERT INTO public.species (id, phylum, class, family, common_name, scientific_name, original_name) VALUES (164, 'Mollusca', 'Bivalvia', 'Veneridae', 'clam', 'Gouldia minima', 'Circe minima');
INSERT INTO public.species (id, phylum, class, family, common_name, scientific_name, original_name) VALUES (165, 'Mollusca', 'Bivalvia', 'Cardiidae', 'cockle', 'Papillicardium papillosum', 'Cardium papillosum');
INSERT INTO public.species (id, phylum, class, family, common_name, scientific_name, original_name) VALUES (166, 'Mollusca', 'Bivalvia', 'Cardiidae', 'cockle', 'Parvicardium vroomi', 'Cardium transversale');
INSERT INTO public.species (id, phylum, class, family, common_name, scientific_name, original_name) VALUES (167, 'Mollusca', 'Bivalvia', 'Chamidae', 'Jewel box clam VII', NULL, 'Chama gryphoides');
INSERT INTO public.species (id, phylum, class, family, common_name, scientific_name, original_name) VALUES (168, 'Mollusca', 'Bivalvia', 'Ungulinidae', 'mollusc', 'Diplodonta trigona', 'Diplodonta apicalis');
INSERT INTO public.species (id, phylum, class, family, common_name, scientific_name, original_name) VALUES (169, 'Mollusca', 'Bivalvia', 'Astartidae', 'bivalve', 'Goodalia macandrewi', 'Astarte macandrewi');
INSERT INTO public.species (id, phylum, class, family, common_name, scientific_name, original_name) VALUES (170, 'Mollusca', 'Bivalvia', 'Carditidae', 'clam', NULL, 'Cardita calyculata');
INSERT INTO public.species (id, phylum, class, family, common_name, scientific_name, original_name) VALUES (171, 'Mollusca', 'Bivalvia', 'Glycymerididae', 'clam', 'Glycymeris stellata', 'Pectunculus stellatus');
INSERT INTO public.species (id, phylum, class, family, common_name, scientific_name, original_name) VALUES (172, 'Mollusca', 'Bivalvia', 'Limidae', 'mollusc', 'Lima lima', 'Lima squamosa');
INSERT INTO public.species (id, phylum, class, family, common_name, scientific_name, original_name) VALUES (173, 'Mollusc', 'Bivalvia', 'Pectinidae', 'scallop', 'Bractechlamys coralinoides', 'Pecten corallinoides');
INSERT INTO public.species (id, phylum, class, family, common_name, scientific_name, original_name) VALUES (174, 'Mollusca', 'Gastropod', 'Trochidae', 'top snail', 'Jujubinus striatus', 'Trochus striatus');
INSERT INTO public.species (id, phylum, class, family, common_name, scientific_name, original_name) VALUES (175, 'Mollusca', 'Gastropod', 'Phasianellidae', 'sea snail', 'Tricolia pullus', 'Phasianella pulla');
INSERT INTO public.species (id, phylum, class, family, common_name, scientific_name, original_name) VALUES (176, 'Mollusca', 'Gastropod', 'Epitoniidae', 'sea snail', 'Acirsa subdecussata', 'Scalaria subdecussata');
INSERT INTO public.species (id, phylum, class, family, common_name, scientific_name, original_name) VALUES (177, 'Mollusca', 'Gastropod', 'Nassariinae', 'sea snail', 'Nassarius lima', 'Nassa limata');
INSERT INTO public.species (id, phylum, class, family, common_name, scientific_name, original_name) VALUES (178, 'Mollusca', 'Gastropod', 'Columbellidae', 'sea snail', NULL, 'Columbella rustica');
INSERT INTO public.species (id, phylum, class, family, common_name, scientific_name, original_name) VALUES (179, 'Mollusca', 'Gastropod', 'Marginellidae', 'sea snail', 'Granulina guancha', 'Marginella guancha');
INSERT INTO public.species (id, phylum, class, family, common_name, scientific_name, original_name) VALUES (180, 'Mollusca', 'Gastropod', 'Marginellidae', 'sea snail', 'Giberulia miliaria', 'Marginella miliaria');
INSERT INTO public.species (id, phylum, class, family, common_name, scientific_name, original_name) VALUES (181, 'Mollusc', 'Gastropod', 'Cypraeidae', 'sea snail', 'Erosaria spurca', 'Cypraea spurca');
INSERT INTO public.species (id, phylum, class, family, common_name, scientific_name, original_name) VALUES (182, 'Mollusc', 'Gastropod', 'Cypraeidae', 'sea snail', NULL, 'Trivia candidula');
INSERT INTO public.species (id, phylum, class, family, common_name, scientific_name, original_name) VALUES (183, 'Mollusc', 'Gastropod', 'Naticidae', 'sea snail', 'Natica adansoni', 'Natica variabilis');
INSERT INTO public.species (id, phylum, class, family, common_name, scientific_name, original_name) VALUES (184, 'Mollusc', 'Gastropod', 'Naticidae', 'sea snail', 'Policines lacteus', 'Natica porcellana');
INSERT INTO public.species (id, phylum, class, family, common_name, scientific_name, original_name) VALUES (185, 'Mollusc', 'Gastropod', 'Caecidae', 'sea snail', NULL, 'Caecum elegantissimum');
INSERT INTO public.species (id, phylum, class, family, common_name, scientific_name, original_name) VALUES (186, 'Mollusc', 'Gastropod', 'Caecidae', 'sea snail', NULL, 'Caecum vitreum');
INSERT INTO public.species (id, phylum, class, family, common_name, scientific_name, original_name) VALUES (187, 'Mollusc', 'Gastropod', 'Turritellidae', 'sea snail', NULL, 'Turritella bicingulata');
INSERT INTO public.species (id, phylum, class, family, common_name, scientific_name, original_name) VALUES (188, 'Mollusca', 'Gastropod', 'Pyramidellidae', 'sea snail', NULL, 'Odostomia turrita');
INSERT INTO public.species (id, phylum, class, family, common_name, scientific_name, original_name) VALUES (189, 'Mollusc', 'Gastropod', 'Eulimidae', 'sea snail', 'Costaclis mizon', 'Aclis mizon');
INSERT INTO public.species (id, phylum, class, family, common_name, scientific_name, original_name) VALUES (190, 'Mollusc', 'Gastropod', 'Eulimidae', 'sea snail', NULL, 'Eulima philippii');
INSERT INTO public.species (id, phylum, class, family, common_name, scientific_name, original_name) VALUES (191, 'Mollusc', 'Gastropod', 'Cerithiidae', 'sea snail', NULL, 'Bittium lacteum');
INSERT INTO public.species (id, phylum, class, family, common_name, scientific_name, original_name) VALUES (192, 'Mollusc', 'Gastropod', 'Cerithiidae', 'sea snail', NULL, 'Bittium reticulatum');
INSERT INTO public.species (id, phylum, class, family, common_name, scientific_name, original_name) VALUES (193, 'Mollusc', 'Gastropod', 'Triphoridae', 'sea snail', 'Monophorus perversus', 'Triforis perversus');
INSERT INTO public.species (id, phylum, class, family, common_name, scientific_name, original_name) VALUES (194, 'Mollusc', 'Gastropod', 'Rissoidae', 'sea snail', 'Rossoa guerinii', 'Rissoa costulata');
INSERT INTO public.species (id, phylum, class, family, common_name, scientific_name, original_name) VALUES (195, 'Mollusc', 'Gastropod', 'Rissoidae', 'sea snail', NULL, 'Rissoa similis');
INSERT INTO public.species (id, phylum, class, family, common_name, scientific_name, original_name) VALUES (196, 'Mollusc', 'Gastropod', 'Rissoidae', 'sea snail', 'Alvania canariensis', 'Rissoa canariensis');
INSERT INTO public.species (id, phylum, class, family, common_name, scientific_name, original_name) VALUES (197, 'Mollusc', 'Gastropod', 'Rissoidae', 'sea snail', 'Manzonia crassa', 'Rissoa costata');
INSERT INTO public.species (id, phylum, class, family, common_name, scientific_name, original_name) VALUES (198, 'Mollusc', 'Gastropod', 'Rissoidae', 'sea snail', 'Alvania leacocki', 'Rissoa leacocki');
INSERT INTO public.species (id, phylum, class, family, common_name, scientific_name, original_name) VALUES (199, 'Mollusc', 'Gastropod', 'Rissoidae', 'sea snail', 'Onoba semicostata', 'Rissoa striata');
INSERT INTO public.species (id, phylum, class, family, common_name, scientific_name, original_name) VALUES (200, 'Mollusc', 'Gastropod', 'Rissoidae', 'sea snail', 'Alvania watsoni', 'Rissoa watsoni');
INSERT INTO public.species (id, phylum, class, family, common_name, scientific_name, original_name) VALUES (201, 'Mollusc', 'Gastropod', 'Rissoidae', 'sea snail', 'Pisinna glabrata', 'Rissoa glabrata');
INSERT INTO public.species (id, phylum, class, family, common_name, scientific_name, original_name) VALUES (202, 'Mollusc', 'Gastropod', 'Rissoidae', 'sea snail', NULL, 'Rissoa albugo');
INSERT INTO public.species (id, phylum, class, family, common_name, scientific_name, original_name) VALUES (203, 'Mollusc', 'Gastropod', 'Rissoidae', 'sea snail', 'Crisilla callosa', 'Rissoa callosa');
INSERT INTO public.species (id, phylum, class, family, common_name, scientific_name, original_name) VALUES (204, 'Mollusc', 'Gastropod', 'Retusidae', 'sea snail', 'Retusa tornata', 'Utriculus tornatus');
INSERT INTO public.species (id, phylum, class, family, common_name, scientific_name, original_name) VALUES (205, 'Mollusc', 'Gastropod', 'Philinidae', 'sea snail', NULL, 'Philine aperta');
INSERT INTO public.species (id, phylum, class, family, common_name, scientific_name, original_name) VALUES (206, 'Annelida', 'Polychaeta', 'Onuphidae', 'worm', NULL, 'Hyalinoecia tubicola');
INSERT INTO public.species (id, phylum, class, family, common_name, scientific_name, original_name) VALUES (207, 'Mollusc', 'Bivalvia', 'Cuspidariidae', 'mollusc', 'Rhinoclama teres', 'Neaera teres');
INSERT INTO public.species (id, phylum, class, family, common_name, scientific_name, original_name) VALUES (208, 'Mollusc', 'Bivalvia', 'Nuculanidae', 'clam', 'Ledella messanensis', 'Leda messanensis');
INSERT INTO public.species (id, phylum, class, family, common_name, scientific_name, original_name) VALUES (209, 'Mollusc', 'Scaphopoda', 'Dentaliidae', 'tusk shell', 'Antalis entalis', 'Dentalium entalis');
INSERT INTO public.species (id, phylum, class, family, common_name, scientific_name, original_name) VALUES (210, 'Mollusc', 'Gastropod', 'Nassariidae', 'mud snail', 'Nassarius frigens', 'Nassa brychia');
INSERT INTO public.species (id, phylum, class, family, common_name, scientific_name, original_name) VALUES (211, 'Mollusc', 'Gastropod', 'Merginellidae', 'sea snail', NULL, 'Marginella musica');
INSERT INTO public.species (id, phylum, class, family, common_name, scientific_name, original_name) VALUES (212, 'Echinoderm', 'Echinoidea', 'Cidaridae', 'sea urchin', 'Cidaris cidaris', 'Cidaris hystrix');


--
-- Data for Name: station; Type: TABLE DATA; Schema: public;
--

INSERT INTO public.station (id, station, location_name, location_original_text, location_point) VALUES (0, '1', 'to Sombrero', '27.24N 16.55W', NULL);
INSERT INTO public.station (id, station, location_name, location_original_text, location_point) VALUES (1, '2', 'to Sombrero', '25.52N 19.22W', NULL);
INSERT INTO public.station (id, station, location_name, location_original_text, location_point) VALUES (2, '3', 'to Sombrero', '25.45N 20.14W', NULL);
INSERT INTO public.station (id, station, location_name, location_original_text, location_point) VALUES (12, '4', 'to Sombrero', '25.28N 20.22W', NULL);
INSERT INTO public.station (id, station, location_name, location_original_text, location_point) VALUES (13, '5', 'to Sombrero', '24.20N 24.28W', NULL);
INSERT INTO public.station (id, station, location_name, location_original_text, location_point) VALUES (14, '6', 'to Sombrero', '23.14N 28.22W', NULL);
INSERT INTO public.station (id, station, location_name, location_original_text, location_point) VALUES (15, '7', 'to Sombrero', '23.23N 31.31W', NULL);
INSERT INTO public.station (id, station, location_name, location_original_text, location_point) VALUES (16, '8', 'to Sombrero', '23.12N 32.56W', NULL);
INSERT INTO public.station (id, station, location_name, location_original_text, location_point) VALUES (17, '9', 'to Sombrero', '23.23N 35.11W', NULL);
INSERT INTO public.station (id, station, location_name, location_original_text, location_point) VALUES (18, '10', 'to Sombrero', '23.10N 38.42W', NULL);
INSERT INTO public.station (id, station, location_name, location_original_text, location_point) VALUES (19, '11', 'to Sombrero', '22.45N 40.37W', NULL);
INSERT INTO public.station (id, station, location_name, location_original_text, location_point) VALUES (20, '12', 'to Sombrero', '21.57N 43.29W', NULL);
INSERT INTO public.station (id, station, location_name, location_original_text, location_point) VALUES (21, '13', 'to Sombrero', '21.38N 44.39W', NULL);
INSERT INTO public.station (id, station, location_name, location_original_text, location_point) VALUES (25, '14', 'to Sombrero', '21.1N 46.29W', NULL);
INSERT INTO public.station (id, station, location_name, location_original_text, location_point) VALUES (26, '15', 'to Sombrero', '20.49N 48.45W', NULL);
INSERT INTO public.station (id, station, location_name, location_original_text, location_point) VALUES (27, '16', 'to Sombrero', '20.39N 50.33W', NULL);
INSERT INTO public.station (id, station, location_name, location_original_text, location_point) VALUES (28, '17', 'to Sombrero', '20.7N 52.32W', NULL);
INSERT INTO public.station (id, station, location_name, location_original_text, location_point) VALUES (29, '18', 'to Sombrero', '19.41N 55.13W', NULL);
INSERT INTO public.station (id, station, location_name, location_original_text, location_point) VALUES (30, '19', 'to Sombrero', '19.15N 57.47W', NULL);
INSERT INTO public.station (id, station, location_name, location_original_text, location_point) VALUES (31, '20', 'to Sombrero', '18.56N 59.35W', NULL);
INSERT INTO public.station (id, station, location_name, location_original_text, location_point) VALUES (32, '21', 'to Sombrero', '18.54N 61.28W', NULL);
INSERT INTO public.station (id, station, location_name, location_original_text, location_point) VALUES (33, '22', 'to Sombrero', '18.40N 62.56W', NULL);
INSERT INTO public.station (id, station, location_name, location_original_text, location_point) VALUES (34, '24', 'Virgin Is', '18.38.30N 65.5.30W', NULL);
INSERT INTO public.station (id, station, location_name, location_original_text, location_point) VALUES (144, 'II', 'Portugal', '38.10N 9.14W', NULL);
INSERT INTO public.station (id, station, location_name, location_original_text, location_point) VALUES (149, 'IV', 'to Gibraltar', '36.25N 8.12W', NULL);
INSERT INTO public.station (id, station, location_name, location_original_text, location_point) VALUES (152, 'V', 'to Madeira', '35.47N 8.23W', NULL);
INSERT INTO public.station (id, station, location_name, location_original_text, location_point) VALUES (153, 'VI', 'to Madeira', '36.23N 11.18W', NULL);
INSERT INTO public.station (id, station, location_name, location_original_text, location_point) VALUES (155, 'VII', 'to Madeira', '35.20N 13.4W', NULL);
INSERT INTO public.station (id, station, location_name, location_original_text, location_point) VALUES (206, 'VIII', 'Canary Is.', '28.3N 17.27W', NULL);
INSERT INTO public.station (id, station, location_name, location_original_text, location_point) VALUES (66, '24', 'Virgin Is', '18.38.30N 65.5.30W', NULL);


--
-- Data for Name: species_stations; Type: TABLE DATA; Schema: public;
--

INSERT INTO public.species_stations (species_id, station_id, date, count, notes) VALUES (2, 2, NULL, NULL, NULL);
INSERT INTO public.species_stations (species_id, station_id, date, count, notes) VALUES (3, 2, NULL, NULL, NULL);
INSERT INTO public.species_stations (species_id, station_id, date, count, notes) VALUES (4, 2, NULL, NULL, NULL);
INSERT INTO public.species_stations (species_id, station_id, date, count, notes) VALUES (5, 2, NULL, NULL, NULL);
INSERT INTO public.species_stations (species_id, station_id, date, count, notes) VALUES (6, 2, NULL, NULL, NULL);
INSERT INTO public.species_stations (species_id, station_id, date, count, notes) VALUES (7, 2, NULL, NULL, NULL);
INSERT INTO public.species_stations (species_id, station_id, date, count, notes) VALUES (8, 2, NULL, NULL, NULL);
INSERT INTO public.species_stations (species_id, station_id, date, count, notes) VALUES (9, 2, NULL, NULL, NULL);
INSERT INTO public.species_stations (species_id, station_id, date, count, notes) VALUES (10, 2, NULL, NULL, NULL);
INSERT INTO public.species_stations (species_id, station_id, date, count, notes) VALUES (11, 2, NULL, NULL, NULL);
INSERT INTO public.species_stations (species_id, station_id, date, count, notes) VALUES (13, 13, NULL, NULL, NULL);
INSERT INTO public.species_stations (species_id, station_id, date, count, notes) VALUES (21, 21, NULL, NULL, NULL);
INSERT INTO public.species_stations (species_id, station_id, date, count, notes) VALUES (22, 21, NULL, NULL, NULL);
INSERT INTO public.species_stations (species_id, station_id, date, count, notes) VALUES (23, 21, NULL, NULL, NULL);
INSERT INTO public.species_stations (species_id, station_id, date, count, notes) VALUES (24, 21, NULL, NULL, NULL);
INSERT INTO public.species_stations (species_id, station_id, date, count, notes) VALUES (27, 27, NULL, NULL, NULL);
INSERT INTO public.species_stations (species_id, station_id, date, count, notes) VALUES (31, 31, NULL, NULL, NULL);
INSERT INTO public.species_stations (species_id, station_id, date, count, notes) VALUES (34, 34, NULL, NULL, NULL);
INSERT INTO public.species_stations (species_id, station_id, date, count, notes) VALUES (35, 34, NULL, NULL, NULL);
INSERT INTO public.species_stations (species_id, station_id, date, count, notes) VALUES (36, 34, NULL, NULL, NULL);
INSERT INTO public.species_stations (species_id, station_id, date, count, notes) VALUES (37, 34, NULL, NULL, NULL);
INSERT INTO public.species_stations (species_id, station_id, date, count, notes) VALUES (38, 34, NULL, NULL, NULL);
INSERT INTO public.species_stations (species_id, station_id, date, count, notes) VALUES (39, 34, NULL, NULL, NULL);
INSERT INTO public.species_stations (species_id, station_id, date, count, notes) VALUES (40, 34, NULL, NULL, NULL);
INSERT INTO public.species_stations (species_id, station_id, date, count, notes) VALUES (41, 34, NULL, NULL, NULL);
INSERT INTO public.species_stations (species_id, station_id, date, count, notes) VALUES (42, 34, NULL, NULL, NULL);
INSERT INTO public.species_stations (species_id, station_id, date, count, notes) VALUES (43, 34, NULL, NULL, NULL);
INSERT INTO public.species_stations (species_id, station_id, date, count, notes) VALUES (44, 34, NULL, NULL, NULL);
INSERT INTO public.species_stations (species_id, station_id, date, count, notes) VALUES (45, 34, NULL, NULL, NULL);
INSERT INTO public.species_stations (species_id, station_id, date, count, notes) VALUES (46, 34, NULL, NULL, NULL);
INSERT INTO public.species_stations (species_id, station_id, date, count, notes) VALUES (47, 34, NULL, NULL, NULL);
INSERT INTO public.species_stations (species_id, station_id, date, count, notes) VALUES (48, 34, NULL, NULL, NULL);
INSERT INTO public.species_stations (species_id, station_id, date, count, notes) VALUES (49, 34, NULL, NULL, NULL);
INSERT INTO public.species_stations (species_id, station_id, date, count, notes) VALUES (50, 34, NULL, NULL, NULL);
INSERT INTO public.species_stations (species_id, station_id, date, count, notes) VALUES (51, 34, NULL, NULL, NULL);
INSERT INTO public.species_stations (species_id, station_id, date, count, notes) VALUES (52, 34, NULL, NULL, NULL);
INSERT INTO public.species_stations (species_id, station_id, date, count, notes) VALUES (53, 34, NULL, NULL, NULL);
INSERT INTO public.species_stations (species_id, station_id, date, count, notes) VALUES (54, 34, NULL, NULL, NULL);
INSERT INTO public.species_stations (species_id, station_id, date, count, notes) VALUES (55, 34, NULL, NULL, NULL);
INSERT INTO public.species_stations (species_id, station_id, date, count, notes) VALUES (56, 34, NULL, NULL, NULL);
INSERT INTO public.species_stations (species_id, station_id, date, count, notes) VALUES (57, 34, NULL, NULL, NULL);
INSERT INTO public.species_stations (species_id, station_id, date, count, notes) VALUES (58, 34, NULL, NULL, NULL);
INSERT INTO public.species_stations (species_id, station_id, date, count, notes) VALUES (59, 34, NULL, NULL, NULL);
INSERT INTO public.species_stations (species_id, station_id, date, count, notes) VALUES (60, 34, NULL, NULL, NULL);
INSERT INTO public.species_stations (species_id, station_id, date, count, notes) VALUES (61, 34, NULL, NULL, NULL);
INSERT INTO public.species_stations (species_id, station_id, date, count, notes) VALUES (62, 34, NULL, NULL, NULL);
INSERT INTO public.species_stations (species_id, station_id, date, count, notes) VALUES (63, 34, NULL, NULL, NULL);
INSERT INTO public.species_stations (species_id, station_id, date, count, notes) VALUES (64, 34, NULL, NULL, NULL);
INSERT INTO public.species_stations (species_id, station_id, date, count, notes) VALUES (65, 34, NULL, NULL, NULL);
INSERT INTO public.species_stations (species_id, station_id, date, count, notes) VALUES (66, 66, NULL, NULL, NULL);
INSERT INTO public.species_stations (species_id, station_id, date, count, notes) VALUES (67, 66, NULL, NULL, NULL);
INSERT INTO public.species_stations (species_id, station_id, date, count, notes) VALUES (68, 34, NULL, NULL, NULL);
INSERT INTO public.species_stations (species_id, station_id, date, count, notes) VALUES (69, 34, NULL, NULL, NULL);
INSERT INTO public.species_stations (species_id, station_id, date, count, notes) VALUES (70, 34, NULL, NULL, NULL);
INSERT INTO public.species_stations (species_id, station_id, date, count, notes) VALUES (71, 34, NULL, NULL, NULL);
INSERT INTO public.species_stations (species_id, station_id, date, count, notes) VALUES (72, 34, NULL, NULL, NULL);
INSERT INTO public.species_stations (species_id, station_id, date, count, notes) VALUES (73, 34, NULL, NULL, NULL);
INSERT INTO public.species_stations (species_id, station_id, date, count, notes) VALUES (74, 34, NULL, NULL, NULL);
INSERT INTO public.species_stations (species_id, station_id, date, count, notes) VALUES (75, 34, NULL, NULL, NULL);
INSERT INTO public.species_stations (species_id, station_id, date, count, notes) VALUES (76, 34, NULL, NULL, NULL);
INSERT INTO public.species_stations (species_id, station_id, date, count, notes) VALUES (77, 34, NULL, NULL, NULL);
INSERT INTO public.species_stations (species_id, station_id, date, count, notes) VALUES (78, 34, NULL, NULL, NULL);
INSERT INTO public.species_stations (species_id, station_id, date, count, notes) VALUES (79, 34, NULL, NULL, NULL);
INSERT INTO public.species_stations (species_id, station_id, date, count, notes) VALUES (80, 34, NULL, NULL, NULL);
INSERT INTO public.species_stations (species_id, station_id, date, count, notes) VALUES (81, 34, NULL, NULL, NULL);
INSERT INTO public.species_stations (species_id, station_id, date, count, notes) VALUES (82, 34, NULL, NULL, NULL);
INSERT INTO public.species_stations (species_id, station_id, date, count, notes) VALUES (83, 34, NULL, NULL, NULL);
INSERT INTO public.species_stations (species_id, station_id, date, count, notes) VALUES (84, 34, NULL, NULL, NULL);
INSERT INTO public.species_stations (species_id, station_id, date, count, notes) VALUES (85, 34, NULL, NULL, NULL);
INSERT INTO public.species_stations (species_id, station_id, date, count, notes) VALUES (86, 34, NULL, NULL, NULL);
INSERT INTO public.species_stations (species_id, station_id, date, count, notes) VALUES (87, 34, NULL, NULL, NULL);
INSERT INTO public.species_stations (species_id, station_id, date, count, notes) VALUES (88, 34, NULL, NULL, NULL);
INSERT INTO public.species_stations (species_id, station_id, date, count, notes) VALUES (89, 34, NULL, NULL, NULL);
INSERT INTO public.species_stations (species_id, station_id, date, count, notes) VALUES (90, 34, NULL, NULL, NULL);
INSERT INTO public.species_stations (species_id, station_id, date, count, notes) VALUES (91, 34, NULL, NULL, NULL);
INSERT INTO public.species_stations (species_id, station_id, date, count, notes) VALUES (92, 34, NULL, NULL, NULL);
INSERT INTO public.species_stations (species_id, station_id, date, count, notes) VALUES (93, 34, NULL, NULL, NULL);
INSERT INTO public.species_stations (species_id, station_id, date, count, notes) VALUES (94, 34, NULL, NULL, NULL);
INSERT INTO public.species_stations (species_id, station_id, date, count, notes) VALUES (95, 34, NULL, NULL, NULL);
INSERT INTO public.species_stations (species_id, station_id, date, count, notes) VALUES (96, 34, NULL, NULL, NULL);
INSERT INTO public.species_stations (species_id, station_id, date, count, notes) VALUES (97, 34, NULL, NULL, NULL);
INSERT INTO public.species_stations (species_id, station_id, date, count, notes) VALUES (98, 34, NULL, NULL, NULL);
INSERT INTO public.species_stations (species_id, station_id, date, count, notes) VALUES (99, 34, NULL, NULL, NULL);
INSERT INTO public.species_stations (species_id, station_id, date, count, notes) VALUES (100, 34, NULL, NULL, NULL);
INSERT INTO public.species_stations (species_id, station_id, date, count, notes) VALUES (101, 34, NULL, NULL, NULL);
INSERT INTO public.species_stations (species_id, station_id, date, count, notes) VALUES (102, 34, NULL, NULL, NULL);
INSERT INTO public.species_stations (species_id, station_id, date, count, notes) VALUES (103, 34, NULL, NULL, NULL);
INSERT INTO public.species_stations (species_id, station_id, date, count, notes) VALUES (104, 34, NULL, NULL, NULL);
INSERT INTO public.species_stations (species_id, station_id, date, count, notes) VALUES (105, 34, NULL, NULL, NULL);
INSERT INTO public.species_stations (species_id, station_id, date, count, notes) VALUES (106, 34, NULL, NULL, NULL);
INSERT INTO public.species_stations (species_id, station_id, date, count, notes) VALUES (107, 34, NULL, NULL, NULL);
INSERT INTO public.species_stations (species_id, station_id, date, count, notes) VALUES (108, 34, NULL, NULL, NULL);
INSERT INTO public.species_stations (species_id, station_id, date, count, notes) VALUES (109, 34, NULL, NULL, NULL);
INSERT INTO public.species_stations (species_id, station_id, date, count, notes) VALUES (110, 34, NULL, NULL, NULL);
INSERT INTO public.species_stations (species_id, station_id, date, count, notes) VALUES (111, 34, NULL, NULL, NULL);
INSERT INTO public.species_stations (species_id, station_id, date, count, notes) VALUES (112, 34, NULL, NULL, NULL);
INSERT INTO public.species_stations (species_id, station_id, date, count, notes) VALUES (113, 34, NULL, NULL, NULL);
INSERT INTO public.species_stations (species_id, station_id, date, count, notes) VALUES (114, 34, NULL, NULL, NULL);
INSERT INTO public.species_stations (species_id, station_id, date, count, notes) VALUES (115, 34, NULL, NULL, NULL);
INSERT INTO public.species_stations (species_id, station_id, date, count, notes) VALUES (116, 34, NULL, NULL, NULL);
INSERT INTO public.species_stations (species_id, station_id, date, count, notes) VALUES (117, 34, NULL, NULL, NULL);
INSERT INTO public.species_stations (species_id, station_id, date, count, notes) VALUES (118, 34, NULL, NULL, NULL);
INSERT INTO public.species_stations (species_id, station_id, date, count, notes) VALUES (119, 34, NULL, NULL, NULL);
INSERT INTO public.species_stations (species_id, station_id, date, count, notes) VALUES (120, 34, NULL, NULL, NULL);
INSERT INTO public.species_stations (species_id, station_id, date, count, notes) VALUES (121, 34, NULL, NULL, NULL);
INSERT INTO public.species_stations (species_id, station_id, date, count, notes) VALUES (122, 34, NULL, NULL, NULL);
INSERT INTO public.species_stations (species_id, station_id, date, count, notes) VALUES (123, 34, NULL, NULL, NULL);
INSERT INTO public.species_stations (species_id, station_id, date, count, notes) VALUES (124, 34, NULL, NULL, NULL);
INSERT INTO public.species_stations (species_id, station_id, date, count, notes) VALUES (125, 34, NULL, NULL, NULL);
INSERT INTO public.species_stations (species_id, station_id, date, count, notes) VALUES (126, 34, NULL, NULL, NULL);
INSERT INTO public.species_stations (species_id, station_id, date, count, notes) VALUES (127, 34, NULL, NULL, NULL);
INSERT INTO public.species_stations (species_id, station_id, date, count, notes) VALUES (128, 34, NULL, NULL, NULL);
INSERT INTO public.species_stations (species_id, station_id, date, count, notes) VALUES (129, 34, NULL, NULL, NULL);
INSERT INTO public.species_stations (species_id, station_id, date, count, notes) VALUES (130, 34, NULL, NULL, NULL);
INSERT INTO public.species_stations (species_id, station_id, date, count, notes) VALUES (131, 34, NULL, NULL, NULL);
INSERT INTO public.species_stations (species_id, station_id, date, count, notes) VALUES (132, 34, NULL, NULL, NULL);
INSERT INTO public.species_stations (species_id, station_id, date, count, notes) VALUES (133, 34, NULL, NULL, NULL);
INSERT INTO public.species_stations (species_id, station_id, date, count, notes) VALUES (134, 34, NULL, NULL, NULL);
INSERT INTO public.species_stations (species_id, station_id, date, count, notes) VALUES (135, 34, NULL, NULL, NULL);
INSERT INTO public.species_stations (species_id, station_id, date, count, notes) VALUES (136, 34, NULL, NULL, NULL);
INSERT INTO public.species_stations (species_id, station_id, date, count, notes) VALUES (137, 34, NULL, NULL, NULL);
INSERT INTO public.species_stations (species_id, station_id, date, count, notes) VALUES (138, 34, NULL, NULL, NULL);
INSERT INTO public.species_stations (species_id, station_id, date, count, notes) VALUES (139, 34, NULL, NULL, NULL);
INSERT INTO public.species_stations (species_id, station_id, date, count, notes) VALUES (140, 34, NULL, NULL, NULL);
INSERT INTO public.species_stations (species_id, station_id, date, count, notes) VALUES (141, 34, NULL, NULL, NULL);
INSERT INTO public.species_stations (species_id, station_id, date, count, notes) VALUES (142, 34, NULL, NULL, NULL);
INSERT INTO public.species_stations (species_id, station_id, date, count, notes) VALUES (143, 34, NULL, NULL, NULL);
INSERT INTO public.species_stations (species_id, station_id, date, count, notes) VALUES (144, 144, NULL, NULL, NULL);
INSERT INTO public.species_stations (species_id, station_id, date, count, notes) VALUES (145, 144, NULL, NULL, NULL);
INSERT INTO public.species_stations (species_id, station_id, date, count, notes) VALUES (146, 144, NULL, NULL, NULL);
INSERT INTO public.species_stations (species_id, station_id, date, count, notes) VALUES (147, 144, NULL, NULL, NULL);
INSERT INTO public.species_stations (species_id, station_id, date, count, notes) VALUES (148, 144, NULL, NULL, NULL);
INSERT INTO public.species_stations (species_id, station_id, date, count, notes) VALUES (149, 149, NULL, NULL, NULL);
INSERT INTO public.species_stations (species_id, station_id, date, count, notes) VALUES (150, 149, NULL, NULL, NULL);
INSERT INTO public.species_stations (species_id, station_id, date, count, notes) VALUES (151, 149, NULL, NULL, NULL);
INSERT INTO public.species_stations (species_id, station_id, date, count, notes) VALUES (152, 152, NULL, NULL, NULL);
INSERT INTO public.species_stations (species_id, station_id, date, count, notes) VALUES (153, 153, NULL, NULL, NULL);
INSERT INTO public.species_stations (species_id, station_id, date, count, notes) VALUES (154, 153, NULL, NULL, NULL);
INSERT INTO public.species_stations (species_id, station_id, date, count, notes) VALUES (155, 155, NULL, NULL, NULL);
INSERT INTO public.species_stations (species_id, station_id, date, count, notes) VALUES (156, 155, NULL, NULL, NULL);
INSERT INTO public.species_stations (species_id, station_id, date, count, notes) VALUES (157, 155, NULL, NULL, NULL);
INSERT INTO public.species_stations (species_id, station_id, date, count, notes) VALUES (158, 155, NULL, NULL, NULL);
INSERT INTO public.species_stations (species_id, station_id, date, count, notes) VALUES (159, 155, NULL, NULL, NULL);
INSERT INTO public.species_stations (species_id, station_id, date, count, notes) VALUES (160, 155, NULL, NULL, NULL);
INSERT INTO public.species_stations (species_id, station_id, date, count, notes) VALUES (161, 155, NULL, NULL, NULL);
INSERT INTO public.species_stations (species_id, station_id, date, count, notes) VALUES (162, 155, NULL, NULL, NULL);
INSERT INTO public.species_stations (species_id, station_id, date, count, notes) VALUES (163, 155, NULL, NULL, NULL);
INSERT INTO public.species_stations (species_id, station_id, date, count, notes) VALUES (164, 155, NULL, NULL, NULL);
INSERT INTO public.species_stations (species_id, station_id, date, count, notes) VALUES (165, 155, NULL, NULL, NULL);
INSERT INTO public.species_stations (species_id, station_id, date, count, notes) VALUES (166, 155, NULL, NULL, NULL);
INSERT INTO public.species_stations (species_id, station_id, date, count, notes) VALUES (167, 155, NULL, NULL, NULL);
INSERT INTO public.species_stations (species_id, station_id, date, count, notes) VALUES (168, 155, NULL, NULL, NULL);
INSERT INTO public.species_stations (species_id, station_id, date, count, notes) VALUES (169, 155, NULL, NULL, NULL);
INSERT INTO public.species_stations (species_id, station_id, date, count, notes) VALUES (170, 155, NULL, NULL, NULL);
INSERT INTO public.species_stations (species_id, station_id, date, count, notes) VALUES (171, 155, NULL, NULL, NULL);
INSERT INTO public.species_stations (species_id, station_id, date, count, notes) VALUES (172, 155, NULL, NULL, NULL);
INSERT INTO public.species_stations (species_id, station_id, date, count, notes) VALUES (173, 155, NULL, NULL, NULL);
INSERT INTO public.species_stations (species_id, station_id, date, count, notes) VALUES (174, 155, NULL, NULL, NULL);
INSERT INTO public.species_stations (species_id, station_id, date, count, notes) VALUES (175, 155, NULL, NULL, NULL);
INSERT INTO public.species_stations (species_id, station_id, date, count, notes) VALUES (176, 155, NULL, NULL, NULL);
INSERT INTO public.species_stations (species_id, station_id, date, count, notes) VALUES (177, 155, NULL, NULL, NULL);
INSERT INTO public.species_stations (species_id, station_id, date, count, notes) VALUES (178, 155, NULL, NULL, NULL);
INSERT INTO public.species_stations (species_id, station_id, date, count, notes) VALUES (179, 155, NULL, NULL, NULL);
INSERT INTO public.species_stations (species_id, station_id, date, count, notes) VALUES (180, 155, NULL, NULL, NULL);
INSERT INTO public.species_stations (species_id, station_id, date, count, notes) VALUES (181, 155, NULL, NULL, NULL);
INSERT INTO public.species_stations (species_id, station_id, date, count, notes) VALUES (182, 155, NULL, NULL, NULL);
INSERT INTO public.species_stations (species_id, station_id, date, count, notes) VALUES (183, 155, NULL, NULL, NULL);
INSERT INTO public.species_stations (species_id, station_id, date, count, notes) VALUES (184, 155, NULL, NULL, NULL);
INSERT INTO public.species_stations (species_id, station_id, date, count, notes) VALUES (185, 155, NULL, NULL, NULL);
INSERT INTO public.species_stations (species_id, station_id, date, count, notes) VALUES (186, 155, NULL, NULL, NULL);
INSERT INTO public.species_stations (species_id, station_id, date, count, notes) VALUES (187, 155, NULL, NULL, NULL);
INSERT INTO public.species_stations (species_id, station_id, date, count, notes) VALUES (188, 155, NULL, NULL, NULL);
INSERT INTO public.species_stations (species_id, station_id, date, count, notes) VALUES (189, 155, NULL, NULL, NULL);
INSERT INTO public.species_stations (species_id, station_id, date, count, notes) VALUES (190, 155, NULL, NULL, NULL);
INSERT INTO public.species_stations (species_id, station_id, date, count, notes) VALUES (191, 155, NULL, NULL, NULL);
INSERT INTO public.species_stations (species_id, station_id, date, count, notes) VALUES (192, 155, NULL, NULL, NULL);
INSERT INTO public.species_stations (species_id, station_id, date, count, notes) VALUES (193, 155, NULL, NULL, NULL);
INSERT INTO public.species_stations (species_id, station_id, date, count, notes) VALUES (194, 155, NULL, NULL, NULL);
INSERT INTO public.species_stations (species_id, station_id, date, count, notes) VALUES (195, 155, NULL, NULL, NULL);
INSERT INTO public.species_stations (species_id, station_id, date, count, notes) VALUES (196, 155, NULL, NULL, NULL);
INSERT INTO public.species_stations (species_id, station_id, date, count, notes) VALUES (197, 155, NULL, NULL, NULL);
INSERT INTO public.species_stations (species_id, station_id, date, count, notes) VALUES (198, 155, NULL, NULL, NULL);
INSERT INTO public.species_stations (species_id, station_id, date, count, notes) VALUES (199, 155, NULL, NULL, NULL);
INSERT INTO public.species_stations (species_id, station_id, date, count, notes) VALUES (200, 155, NULL, NULL, NULL);
INSERT INTO public.species_stations (species_id, station_id, date, count, notes) VALUES (201, 155, NULL, NULL, NULL);
INSERT INTO public.species_stations (species_id, station_id, date, count, notes) VALUES (202, 155, NULL, NULL, NULL);
INSERT INTO public.species_stations (species_id, station_id, date, count, notes) VALUES (203, 155, NULL, NULL, NULL);
INSERT INTO public.species_stations (species_id, station_id, date, count, notes) VALUES (204, 155, NULL, NULL, NULL);
INSERT INTO public.species_stations (species_id, station_id, date, count, notes) VALUES (205, 155, NULL, NULL, NULL);
INSERT INTO public.species_stations (species_id, station_id, date, count, notes) VALUES (206, 206, NULL, NULL, NULL);
INSERT INTO public.species_stations (species_id, station_id, date, count, notes) VALUES (207, 206, NULL, NULL, NULL);
INSERT INTO public.species_stations (species_id, station_id, date, count, notes) VALUES (208, 206, NULL, NULL, NULL);
INSERT INTO public.species_stations (species_id, station_id, date, count, notes) VALUES (209, 206, NULL, NULL, NULL);
INSERT INTO public.species_stations (species_id, station_id, date, count, notes) VALUES (210, 206, NULL, NULL, NULL);
INSERT INTO public.species_stations (species_id, station_id, date, count, notes) VALUES (211, 206, NULL, NULL, NULL);
INSERT INTO public.species_stations (species_id, station_id, date, count, notes) VALUES (212, 206, NULL, NULL, NULL);

SELECT pg_catalog.setval('public.species_id_seq', 1, false);

SELECT pg_catalog.setval('public.station_id_seq', 1, false);


--
-- PostgreSQL database dump complete
--

